{"get":"statistics","parameters":[],"errors":[],"results":224,"response":[{"country":"China","cases":{"new":"+27","active":1058,"critical":85,"recovered":77029,"total":82719},"deaths":{"new":null,"total":4632},"tests":{"total":null},"day":"2020-04-18","time":"2020-04-18T21:15:06+00:00"},{"country":"Italy","cases":{"new":"+3491","active":107771,"critical":2733,"recovered":44927,"total":175925},"deaths":{"new":"+482","total":23227},"tests":{"total":1305833},"day":"2020-04-18","time":"2020-04-18T21:15:06+00:00"},{"country":"Spain","cases":{"new":"+887","active":96886,"critical":7371,"recovered":74797,"total":191726},"deaths":{"new":"+41","total":20043},"tests":{"total":930230},"day":"2020-04-18","time":"2020-04-18T21:15:06+00:00"},{"country":"USA","cases":{"new":"+25111","active":628649,"critical":13536,"recovered":67418,"total":734846},"deaths":{"new":"+1625","total":38779},"tests":{"total":3698767},"day":"2020-04-18","time":"2020-04-18T21:15:06+00:00"},{"country":"Germany","cases":{"new":"+1775","active":53320,"critical":2922,"recovered":85400,"total":143172},"deaths":{"new":"+100","total":4452},"tests":{"total":1728357},"day":"2020-04-18","time":"2020-04-18T21:15:06+00:00"},{"country":"Iran","cases":{"new":"+1374","active":19850,"critical":3513,"recovered":55987,"total":80868},"deaths":{"new":"+73","total":5031},"tests":{"total":330137},"day":"2020-04-18","time":"2020-04-18T21:15:06+00:00"},{"country":"France","cases":{"new":"+3824","active":96487,"critical":5833,"recovered":35983,"total":151793},"deaths":{"new":"+642","total":19323},"tests":{"total":463662},"day":"2020-04-18","time":"2020-04-18T21:15:06+00:00"},{"country":"S-Korea","cases":{"new":"+18","active":2484,"critical":55,"recovered":7937,"total":10653},"deaths":{"new":"+2","total":232},"tests":{"total":546463},"day":"2020-04-18","time":"2020-04-18T21:15:06+00:00"},{"country":"Switzerland","cases":{"new":"+326","active":8936,"critical":386,"recovered":17100,"total":27404},"deaths":{"new":"+41","total":1368},"tests":{"total":216400},"day":"2020-04-18","time":"2020-04-18T21:15:06+00:00"},{"country":"UK","cases":{"new":"+5525","active":98409,"critical":1559,"recovered":0,"total":114217},"deaths":{"new":"+888","total":15464},"tests":{"total":460437},"day":"2020-04-18","time":"2020-04-18T21:15:06+00:00"},{"country":"Netherlands","cases":{"new":"+1140","active":27738,"critical":1279,"recovered":250,"total":31589},"deaths":{"new":"+142","total":3601},"tests":{"total":154911},"day":"2020-04-18","time":"2020-04-18T21:15:06+00:00"},{"country":"Austria","cases":{"new":"+76","active":4014,"critical":208,"recovered":10214,"total":14671},"deaths":{"new":"+12","total":443},"tests":{"total":175932},"day":"2020-04-18","time":"2020-04-18T21:15:06+00:00"},{"country":"Belgium","cases":{"new":"+1045","active":23382,"critical":1119,"recovered":8348,"total":37183},"deaths":{"new":"+290","total":5453},"tests":{"total":145997},"day":"2020-04-18","time":"2020-04-18T21:15:06+00:00"},{"country":"Norway","cases":{"new":"+99","active":6840,"critical":63,"recovered":32,"total":7036},"deaths":{"new":"+3","total":164},"tests":{"total":139668},"day":"2020-04-18","time":"2020-04-18T21:15:06+00:00"},{"country":"Sweden","cases":{"new":"+606","active":11761,"critical":1054,"recovered":550,"total":13822},"deaths":{"new":"+111","total":1511},"tests":{"total":74600},"day":"2020-04-18","time":"2020-04-18T21:15:06+00:00"},{"country":"Canada","cases":{"new":"+1291","active":20581,"critical":557,"recovered":11168,"total":33218},"deaths":{"new":"+159","total":1469},"tests":{"total":507701},"day":"2020-04-18","time":"2020-04-18T21:15:06+00:00"},{"country":"Denmark","cases":{"new":"+169","active":3049,"critical":76,"recovered":3847,"total":7242},"deaths":{"new":"+10","total":346},"tests":{"total":91437},"day":"2020-04-18","time":"2020-04-18T21:15:06+00:00"},{"country":"Portugal","cases":{"new":"+663","active":18388,"critical":228,"recovered":610,"total":19685},"deaths":{"new":"+30","total":687},"tests":{"total":235878},"day":"2020-04-18","time":"2020-04-18T21:15:06+00:00"},{"country":"Malaysia","cases":{"new":"+54","active":2115,"critical":49,"recovered":3102,"total":5305},"deaths":{"new":"+2","total":88},"tests":{"total":100794},"day":"2020-04-18","time":"2020-04-18T21:15:06+00:00"},{"country":"Brazil","cases":{"new":"+2917","active":20226,"critical":6634,"recovered":14026,"total":36599},"deaths":{"new":"+206","total":2347},"tests":{"total":62985},"day":"2020-04-18","time":"2020-04-18T21:15:06+00:00"},{"country":"Australia","cases":{"new":"+32","active":2333,"critical":55,"recovered":4163,"total":6565},"deaths":{"new":"+4","total":69},"tests":{"total":406510},"day":"2020-04-18","time":"2020-04-18T21:15:06+00:00"},{"country":"Japan","cases":{"new":"+509","active":9005,"critical":221,"recovered":1069,"total":10296},"deaths":{"new":"+32","total":222},"tests":{"total":111325},"day":"2020-04-18","time":"2020-04-18T21:15:06+00:00"},{"country":"Czechia","cases":{"new":"+57","active":5198,"critical":86,"recovered":1227,"total":6606},"deaths":{"new":"+8","total":181},"tests":{"total":162533},"day":"2020-04-18","time":"2020-04-18T21:15:06+00:00"},{"country":"Turkey","cases":{"new":"+3783","active":69986,"critical":1894,"recovered":10453,"total":82329},"deaths":{"new":"+121","total":1890},"tests":{"total":598933},"day":"2020-04-18","time":"2020-04-18T21:15:06+00:00"},{"country":"Israel","cases":{"new":"+283","active":9645,"critical":164,"recovered":3456,"total":13265},"deaths":{"new":"+13","total":164},"tests":{"total":187250},"day":"2020-04-18","time":"2020-04-18T21:15:06+00:00"},{"country":"Ireland","cases":{"new":"+778","active":14110,"critical":294,"recovered":77,"total":14758},"deaths":{"new":"+41","total":571},"tests":{"total":90646},"day":"2020-04-18","time":"2020-04-18T21:15:06+00:00"},{"country":"Diamond-Princess-","cases":{"new":null,"active":82,"critical":10,"recovered":619,"total":712},"deaths":{"new":null,"total":11},"tests":{"total":null},"day":"2020-04-09","time":"2020-04-09T15:45:06+00:00"},{"country":"Luxembourg","cases":{"new":"+57","active":2864,"critical":32,"recovered":601,"total":3537},"deaths":{"new":null,"total":72},"tests":{"total":33252},"day":"2020-04-18","time":"2020-04-18T21:15:06+00:00"},{"country":"Pakistan","cases":{"new":"+613","active":5663,"critical":46,"recovered":1832,"total":7638},"deaths":{"new":"+8","total":143},"tests":{"total":92548},"day":"2020-04-18","time":"2020-04-18T21:15:06+00:00"},{"country":"Chile","cases":{"new":"+478","active":5569,"critical":360,"recovered":4035,"total":9730},"deaths":{"new":"+10","total":126},"tests":{"total":108891},"day":"2020-04-18","time":"2020-04-18T21:15:06+00:00"},{"country":"Poland","cases":{"new":"+363","active":7414,"critical":160,"recovered":981,"total":8742},"deaths":{"new":"+15","total":347},"tests":{"total":192960},"day":"2020-04-18","time":"2020-04-18T21:15:06+00:00"},{"country":"Ecuador","cases":{"new":"+572","active":7558,"critical":168,"recovered":1008,"total":9022},"deaths":{"new":"+35","total":456},"tests":{"total":30922},"day":"2020-04-18","time":"2020-04-18T21:15:06+00:00"},{"country":"Greece","cases":{"new":"+11","active":1856,"critical":67,"recovered":269,"total":2235},"deaths":{"new":"+2","total":110},"tests":{"total":53290},"day":"2020-04-18","time":"2020-04-18T21:15:06+00:00"},{"country":"Finland","cases":{"new":"+192","active":1891,"critical":70,"recovered":1700,"total":3681},"deaths":{"new":"+8","total":90},"tests":{"total":55600},"day":"2020-04-18","time":"2020-04-18T21:15:06+00:00"},{"country":"Qatar","cases":{"new":"+345","active":4490,"critical":37,"recovered":510,"total":5008},"deaths":{"new":"+1","total":8},"tests":{"total":60139},"day":"2020-04-18","time":"2020-04-18T21:15:06+00:00"},{"country":"Iceland","cases":{"new":"+6","active":460,"critical":3,"recovered":1291,"total":1760},"deaths":{"new":null,"total":9},"tests":{"total":41091},"day":"2020-04-18","time":"2020-04-18T21:15:06+00:00"},{"country":"Indonesia","cases":{"new":"+325","active":5082,"critical":0,"recovered":631,"total":6248},"deaths":{"new":"+15","total":535},"tests":{"total":39422},"day":"2020-04-18","time":"2020-04-18T21:15:06+00:00"},{"country":"Singapore","cases":{"new":"+942","active":5241,"critical":23,"recovered":740,"total":5992},"deaths":{"new":null,"total":11},"tests":{"total":94796},"day":"2020-04-18","time":"2020-04-18T21:15:06+00:00"},{"country":"Thailand","cases":{"new":"+33","active":899,"critical":61,"recovered":1787,"total":2733},"deaths":{"new":null,"total":47},"tests":{"total":100498},"day":"2020-04-18","time":"2020-04-18T21:15:06+00:00"},{"country":"Saudi-Arabia","cases":{"new":"+1132","active":6853,"critical":78,"recovered":1329,"total":8274},"deaths":{"new":"+5","total":92},"tests":{"total":150000},"day":"2020-04-18","time":"2020-04-18T21:15:06+00:00"},{"country":"Slovenia","cases":{"new":"+13","active":1057,"critical":27,"recovered":190,"total":1317},"deaths":{"new":"+4","total":70},"tests":{"total":40580},"day":"2020-04-18","time":"2020-04-18T21:15:06+00:00"},{"country":"Romania","cases":{"new":"+351","active":6267,"critical":248,"recovered":1730,"total":8418},"deaths":{"new":"+10","total":421},"tests":{"total":90991},"day":"2020-04-18","time":"2020-04-18T21:15:06+00:00"},{"country":"India","cases":{"new":"+1370","active":12738,"critical":0,"recovered":2463,"total":15722},"deaths":{"new":"+35","total":521},"tests":{"total":335123},"day":"2020-04-18","time":"2020-04-18T21:15:06+00:00"},{"country":"Peru","cases":{"new":"+931","active":7388,"critical":117,"recovered":6684,"total":14420},"deaths":{"new":"+48","total":348},"tests":{"total":135895},"day":"2020-04-18","time":"2020-04-18T21:15:06+00:00"},{"country":"Bahrain","cases":{"new":"+33","active":1011,"critical":3,"recovered":755,"total":1773},"deaths":{"new":null,"total":7},"tests":{"total":82568},"day":"2020-04-18","time":"2020-04-18T21:15:06+00:00"},{"country":"Philippines","cases":{"new":"+209","active":5174,"critical":1,"recovered":516,"total":6087},"deaths":{"new":"+10","total":397},"tests":{"total":56048},"day":"2020-04-18","time":"2020-04-18T21:15:06+00:00"},{"country":"Russia","cases":{"new":"+4785","active":33423,"critical":8,"recovered":3057,"total":36793},"deaths":{"new":"+40","total":313},"tests":{"total":1831892},"day":"2020-04-18","time":"2020-04-18T21:15:06+00:00"},{"country":"Estonia","cases":{"new":"+53","active":1312,"critical":11,"recovered":162,"total":1512},"deaths":{"new":null,"total":38},"tests":{"total":39605},"day":"2020-04-18","time":"2020-04-18T21:15:06+00:00"},{"country":"Egypt","cases":{"new":"+188","active":2107,"critical":0,"recovered":701,"total":3032},"deaths":{"new":"+19","total":224},"tests":{"total":55000},"day":"2020-04-18","time":"2020-04-18T21:15:06+00:00"},{"country":"Hong-Kong","cases":{"new":"+2","active":452,"critical":9,"recovered":568,"total":1024},"deaths":{"new":null,"total":4},"tests":{"total":131786},"day":"2020-04-18","time":"2020-04-18T21:15:06+00:00"},{"country":"South-Africa","cases":{"new":"+251","active":2079,"critical":36,"recovered":903,"total":3034},"deaths":{"new":"+2","total":52},"tests":{"total":108021},"day":"2020-04-18","time":"2020-04-18T21:15:06+00:00"},{"country":"Lebanon","cases":{"new":"+4","active":552,"critical":30,"recovered":99,"total":672},"deaths":{"new":null,"total":21},"tests":{"total":20225},"day":"2020-04-18","time":"2020-04-18T21:15:06+00:00"},{"country":"Iraq","cases":{"new":"+31","active":478,"critical":0,"recovered":953,"total":1513},"deaths":{"new":"+1","total":82},"tests":{"total":53955},"day":"2020-04-18","time":"2020-04-18T21:15:06+00:00"},{"country":"Croatia","cases":{"new":"+18","active":1178,"critical":27,"recovered":615,"total":1832},"deaths":{"new":"+3","total":39},"tests":{"total":21647},"day":"2020-04-18","time":"2020-04-18T21:15:06+00:00"},{"country":"Mexico","cases":{"new":"+578","active":4204,"critical":207,"recovered":2125,"total":6875},"deaths":{"new":"+60","total":546},"tests":{"total":48365},"day":"2020-04-18","time":"2020-04-18T21:15:06+00:00"},{"country":"Panama","cases":{"new":"+194","active":3972,"critical":96,"recovered":122,"total":4210},"deaths":{"new":"+7","total":116},"tests":{"total":18559},"day":"2020-04-18","time":"2020-04-18T21:15:06+00:00"},{"country":"Colombia","cases":{"new":null,"active":2652,"critical":98,"recovered":634,"total":3439},"deaths":{"new":null,"total":153},"tests":{"total":55573},"day":"2020-04-18","time":"2020-04-18T21:15:06+00:00"},{"country":"Slovakia","cases":{"new":"+40","active":865,"critical":10,"recovered":213,"total":1089},"deaths":{"new":"+2","total":11},"tests":{"total":40953},"day":"2020-04-18","time":"2020-04-18T21:15:06+00:00"},{"country":"Kuwait","cases":{"new":"+93","active":1465,"critical":34,"recovered":280,"total":1751},"deaths":{"new":"+1","total":6},"tests":{"total":null},"day":"2020-04-18","time":"2020-04-18T21:15:06+00:00"},{"country":"Serbia","cases":{"new":"+304","active":5240,"critical":126,"recovered":637,"total":5994},"deaths":{"new":"+7","total":117},"tests":{"total":36028},"day":"2020-04-18","time":"2020-04-18T21:15:06+00:00"},{"country":"Bulgaria","cases":{"new":"+32","active":684,"critical":35,"recovered":153,"total":878},"deaths":{"new":null,"total":41},"tests":{"total":26417},"day":"2020-04-18","time":"2020-04-18T21:15:06+00:00"},{"country":"San-Marino","cases":{"new":"+20","active":356,"critical":15,"recovered":60,"total":455},"deaths":{"new":null,"total":39},"tests":{"total":1605},"day":"2020-04-18","time":"2020-04-18T21:15:06+00:00"},{"country":"Armenia","cases":{"new":"+47","active":705,"critical":30,"recovered":523,"total":1248},"deaths":{"new":"+1","total":20},"tests":{"total":11796},"day":"2020-04-18","time":"2020-04-18T21:15:06+00:00"},{"country":"Argentina","cases":{"new":"+89","active":1944,"critical":127,"recovered":685,"total":2758},"deaths":{"new":"+6","total":129},"tests":{"total":30942},"day":"2020-04-18","time":"2020-04-18T21:15:06+00:00"},{"country":"Taiwan","cases":{"new":"+3","active":214,"critical":0,"recovered":178,"total":398},"deaths":{"new":null,"total":6},"tests":{"total":52445},"day":"2020-04-18","time":"2020-04-18T21:15:06+00:00"},{"country":"UAE","cases":{"new":"+477","active":5077,"critical":1,"recovered":1188,"total":6302},"deaths":{"new":"+2","total":37},"tests":{"total":767000},"day":"2020-04-18","time":"2020-04-18T21:15:06+00:00"},{"country":"Algeria","cases":{"new":"+116","active":1273,"critical":60,"recovered":894,"total":2534},"deaths":{"new":"+3","total":367},"tests":{"total":3359},"day":"2020-04-18","time":"2020-04-18T21:15:06+00:00"},{"country":"Latvia","cases":{"new":"+30","active":619,"critical":5,"recovered":88,"total":712},"deaths":{"new":null,"total":5},"tests":{"total":34697},"day":"2020-04-18","time":"2020-04-18T21:15:06+00:00"},{"country":"Costa-Rica","cases":{"new":"+6","active":554,"critical":10,"recovered":97,"total":655},"deaths":{"new":null,"total":4},"tests":{"total":10138},"day":"2020-04-18","time":"2020-04-18T21:15:06+00:00"},{"country":"Dominican-Republic","cases":{"new":"+209","active":3806,"critical":146,"recovered":312,"total":4335},"deaths":{"new":"+17","total":217},"tests":{"total":14373},"day":"2020-04-18","time":"2020-04-18T21:15:06+00:00"},{"country":"Uruguay","cases":{"new":"+6","active":205,"critical":12,"recovered":294,"total":508},"deaths":{"new":null,"total":9},"tests":{"total":11749},"day":"2020-04-18","time":"2020-04-18T21:15:06+00:00"},{"country":"Hungary","cases":{"new":"+71","active":1431,"critical":60,"recovered":231,"total":1834},"deaths":{"new":"+16","total":172},"tests":{"total":43901},"day":"2020-04-18","time":"2020-04-18T21:15:06+00:00"},{"country":"Jordan","cases":{"new":"+6","active":137,"critical":5,"recovered":269,"total":413},"deaths":{"new":null,"total":7},"tests":{"total":20500},"day":"2020-04-18","time":"2020-04-18T21:15:06+00:00"},{"country":"Lithuania","cases":{"new":"+90","active":978,"critical":14,"recovered":228,"total":1239},"deaths":{"new":null,"total":33},"tests":{"total":58816},"day":"2020-04-18","time":"2020-04-18T21:15:06+00:00"},{"country":"Morocco","cases":{"new":"+121","active":2234,"critical":1,"recovered":314,"total":2685},"deaths":{"new":"+2","total":137},"tests":{"total":13689},"day":"2020-04-18","time":"2020-04-18T21:15:06+00:00"},{"country":"Vietnam","cases":{"new":null,"active":67,"critical":8,"recovered":201,"total":268},"deaths":{"new":null,"total":0},"tests":{"total":206253},"day":"2020-04-18","time":"2020-04-18T21:15:06+00:00"},{"country":"Bosnia-and-Herzegovina","cases":{"new":"+54","active":883,"critical":4,"recovered":338,"total":1268},"deaths":{"new":"+1","total":47},"tests":{"total":16868},"day":"2020-04-18","time":"2020-04-18T21:15:06+00:00"},{"country":"Faeroe-Islands","cases":{"new":null,"active":11,"critical":0,"recovered":173,"total":184},"deaths":{"new":null,"total":0},"tests":{"total":5981},"day":"2020-04-18","time":"2020-04-18T21:15:06+00:00"},{"country":"Andorra","cases":{"new":"+8","active":464,"critical":17,"recovered":205,"total":704},"deaths":{"new":null,"total":35},"tests":{"total":1673},"day":"2020-04-18","time":"2020-04-18T21:15:06+00:00"},{"country":"North-Macedonia","cases":{"new":"+53","active":957,"critical":15,"recovered":164,"total":1170},"deaths":{"new":null,"total":49},"tests":{"total":11556},"day":"2020-04-18","time":"2020-04-18T21:15:06+00:00"},{"country":"Cyprus","cases":{"new":"+11","active":670,"critical":8,"recovered":79,"total":761},"deaths":{"new":null,"total":12},"tests":{"total":32284},"day":"2020-04-18","time":"2020-04-18T21:15:06+00:00"},{"country":"Brunei","cases":{"new":"+1","active":23,"critical":2,"recovered":113,"total":137},"deaths":{"new":null,"total":1},"tests":{"total":11254},"day":"2020-04-18","time":"2020-04-18T21:15:06+00:00"},{"country":"Moldova","cases":{"new":"+114","active":1930,"critical":80,"recovered":391,"total":2378},"deaths":{"new":"+1","total":57},"tests":{"total":9848},"day":"2020-04-18","time":"2020-04-18T21:15:06+00:00"},{"country":"Sri-Lanka","cases":{"new":"+10","active":161,"critical":1,"recovered":86,"total":254},"deaths":{"new":null,"total":7},"tests":{"total":4768},"day":"2020-04-18","time":"2020-04-18T21:15:06+00:00"},{"country":"Albania","cases":{"new":"+9","active":220,"critical":5,"recovered":302,"total":548},"deaths":{"new":null,"total":26},"tests":{"total":5311},"day":"2020-04-18","time":"2020-04-18T21:15:06+00:00"},{"country":"Belarus","cases":{"new":null,"active":4392,"critical":65,"recovered":342,"total":4779},"deaths":{"new":"+3","total":45},"tests":{"total":86813},"day":"2020-04-18","time":"2020-04-18T21:15:06+00:00"},{"country":"Malta","cases":{"new":"+4","active":324,"critical":4,"recovered":99,"total":426},"deaths":{"new":null,"total":3},"tests":{"total":23253},"day":"2020-04-18","time":"2020-04-18T21:15:06+00:00"},{"country":"Venezuela","cases":{"new":"+23","active":105,"critical":4,"recovered":113,"total":227},"deaths":{"new":null,"total":9},"tests":{"total":299714},"day":"2020-04-18","time":"2020-04-18T21:15:06+00:00"},{"country":"Burkina-Faso","cases":{"new":"+8","active":208,"critical":0,"recovered":321,"total":565},"deaths":{"new":"+1","total":36},"tests":{"total":null},"day":"2020-04-18","time":"2020-04-18T21:15:06+00:00"},{"country":"Tunisia","cases":{"new":null,"active":784,"critical":33,"recovered":43,"total":864},"deaths":{"new":null,"total":37},"tests":{"total":14640},"day":"2020-04-18","time":"2020-04-18T21:15:06+00:00"},{"country":"Guadeloupe","cases":{"new":"+2","active":70,"critical":13,"recovered":67,"total":145},"deaths":{"new":null,"total":8},"tests":{"total":null},"day":"2020-04-18","time":"2020-04-18T21:15:06+00:00"},{"country":"Senegal","cases":{"new":"+8","active":136,"critical":1,"recovered":211,"total":350},"deaths":{"new":"+1","total":3},"tests":{"total":null},"day":"2020-04-18","time":"2020-04-18T21:15:06+00:00"},{"country":"Kazakhstan","cases":{"new":"+69","active":1221,"critical":22,"recovered":377,"total":1615},"deaths":{"new":null,"total":17},"tests":{"total":100878},"day":"2020-04-18","time":"2020-04-18T21:15:06+00:00"},{"country":"Azerbaijan","cases":{"new":"+33","active":765,"critical":21,"recovered":590,"total":1373},"deaths":{"new":"+3","total":18},"tests":{"total":86607},"day":"2020-04-18","time":"2020-04-18T21:15:06+00:00"},{"country":"Cambodia","cases":{"new":null,"active":19,"critical":1,"recovered":103,"total":122},"deaths":{"new":null,"total":0},"tests":{"total":5768},"day":"2020-04-18","time":"2020-04-18T21:15:06+00:00"},{"country":"Palestine","cases":{"new":"+16","active":347,"critical":0,"recovered":69,"total":418},"deaths":{"new":null,"total":2},"tests":{"total":17329},"day":"2020-04-18","time":"2020-04-18T21:15:06+00:00"},{"country":"New-Zealand","cases":{"new":"+13","active":544,"critical":3,"recovered":867,"total":1422},"deaths":{"new":null,"total":11},"tests":{"total":79078},"day":"2020-04-18","time":"2020-04-18T21:15:06+00:00"},{"country":"Oman","cases":{"new":"+111","active":998,"critical":3,"recovered":176,"total":1180},"deaths":{"new":null,"total":6},"tests":{"total":null},"day":"2020-04-18","time":"2020-04-18T21:15:06+00:00"},{"country":"Georgia","cases":{"new":"+18","active":298,"critical":6,"recovered":86,"total":388},"deaths":{"new":"+1","total":4},"tests":{"total":5027},"day":"2020-04-18","time":"2020-04-18T21:15:06+00:00"},{"country":"Trinidad-and-Tobago","cases":{"new":null,"active":85,"critical":0,"recovered":21,"total":114},"deaths":{"new":null,"total":8},"tests":{"total":1320},"day":"2020-04-18","time":"2020-04-18T21:15:06+00:00"},{"country":"Ukraine","cases":{"new":"+444","active":4698,"critical":45,"recovered":275,"total":5106},"deaths":{"new":"+8","total":133},"tests":{"total":52534},"day":"2020-04-18","time":"2020-04-18T21:15:06+00:00"},{"country":"R&eacute;union","cases":{"new":"+5","active":170,"critical":4,"recovered":237,"total":407},"deaths":{"new":null,"total":0},"tests":{"total":null},"day":"2020-04-18","time":"2020-04-18T21:15:06+00:00"},{"country":"Uzbekistan","cases":{"new":"+85","active":1291,"critical":8,"recovered":194,"total":1490},"deaths":{"new":"+1","total":5},"tests":{"total":136000},"day":"2020-04-18","time":"2020-04-18T21:15:06+00:00"},{"country":"Cameroon","cases":{"new":"+21","active":818,"critical":0,"recovered":177,"total":1017},"deaths":{"new":null,"total":22},"tests":{"total":null},"day":"2020-04-18","time":"2020-04-18T21:15:06+00:00"},{"country":"Martinique","cases":{"new":"+1","active":77,"critical":17,"recovered":73,"total":158},"deaths":{"new":"+2","total":8},"tests":{"total":null},"day":"2020-04-18","time":"2020-04-18T21:15:06+00:00"},{"country":"Liechtenstein","cases":{"new":"+1","active":23,"critical":0,"recovered":55,"total":79},"deaths":{"new":null,"total":1},"tests":{"total":900},"day":"2020-04-18","time":"2020-04-18T21:15:06+00:00"},{"country":"Channel-Islands","cases":{"new":"+14","active":390,"critical":0,"recovered":73,"total":484},"deaths":{"new":"+1","total":21},"tests":{"total":3320},"day":"2020-04-18","time":"2020-04-18T21:15:06+00:00"},{"country":"Bangladesh","cases":{"new":"+306","active":1994,"critical":1,"recovered":66,"total":2144},"deaths":{"new":"+9","total":84},"tests":{"total":21307},"day":"2020-04-18","time":"2020-04-18T21:15:06+00:00"},{"country":"Afghanistan","cases":{"new":"+27","active":791,"critical":0,"recovered":112,"total":933},"deaths":{"new":null,"total":30},"tests":{"total":null},"day":"2020-04-18","time":"2020-04-18T21:15:06+00:00"},{"country":"Honduras","cases":{"new":"+15","active":401,"critical":10,"recovered":10,"total":457},"deaths":{"new":"+5","total":46},"tests":{"total":2396},"day":"2020-04-18","time":"2020-04-18T21:15:06+00:00"},{"country":"DRC","cases":{"new":"+20","active":256,"critical":0,"recovered":26,"total":307},"deaths":{"new":"+2","total":25},"tests":{"total":null},"day":"2020-04-18","time":"2020-04-18T21:15:06+00:00"},{"country":"Nigeria","cases":{"new":"+51","active":317,"critical":2,"recovered":159,"total":493},"deaths":{"new":"+4","total":17},"tests":{"total":7153},"day":"2020-04-18","time":"2020-04-18T21:15:06+00:00"},{"country":"Cuba","cases":{"new":"+63","active":727,"critical":15,"recovered":227,"total":986},"deaths":{"new":"+1","total":32},"tests":{"total":25309},"day":"2020-04-18","time":"2020-04-18T21:15:06+00:00"},{"country":"Ghana","cases":{"new":"+193","active":726,"critical":4,"recovered":99,"total":834},"deaths":{"new":"+1","total":9},"tests":{"total":60916},"day":"2020-04-18","time":"2020-04-18T21:15:06+00:00"},{"country":"Puerto-Rico","cases":{"new":"+8","active":36,"critical":0,"recovered":1,"total":39},"deaths":{"new":null,"total":2},"tests":{"total":null},"day":"2020-03-25","time":"2020-03-25T06:00:07+00:00"},{"country":"Jamaica","cases":{"new":"+20","active":133,"critical":0,"recovered":25,"total":163},"deaths":{"new":null,"total":5},"tests":{"total":1516},"day":"2020-04-18","time":"2020-04-18T21:15:06+00:00"},{"country":"Bolivia","cases":{"new":"+28","active":431,"critical":3,"recovered":31,"total":493},"deaths":{"new":null,"total":31},"tests":{"total":3569},"day":"2020-04-18","time":"2020-04-18T21:15:06+00:00"},{"country":"Guyana","cases":{"new":"+8","active":48,"critical":4,"recovered":9,"total":63},"deaths":{"new":null,"total":6},"tests":{"total":283},"day":"2020-04-18","time":"2020-04-18T21:15:06+00:00"},{"country":"Paraguay","cases":{"new":"+3","active":159,"critical":1,"recovered":35,"total":202},"deaths":{"new":null,"total":8},"tests":{"total":4950},"day":"2020-04-18","time":"2020-04-18T21:15:06+00:00"},{"country":"Macao","cases":{"new":null,"active":29,"critical":1,"recovered":16,"total":45},"deaths":{"new":null,"total":0},"tests":{"total":null},"day":"2020-04-18","time":"2020-04-18T21:15:06+00:00"},{"country":"Monaco","cases":{"new":null,"active":69,"critical":3,"recovered":22,"total":94},"deaths":{"new":null,"total":3},"tests":{"total":null},"day":"2020-04-18","time":"2020-04-18T21:15:06+00:00"},{"country":"French-Guiana","cases":{"new":null,"active":32,"critical":2,"recovered":64,"total":96},"deaths":{"new":null,"total":0},"tests":{"total":null},"day":"2020-04-18","time":"2020-04-18T21:15:06+00:00"},{"country":"Guatemala","cases":{"new":"+21","active":207,"critical":3,"recovered":21,"total":235},"deaths":{"new":null,"total":7},"tests":{"total":7200},"day":"2020-04-18","time":"2020-04-18T21:15:06+00:00"},{"country":"Rwanda","cases":{"new":"+1","active":75,"critical":0,"recovered":69,"total":144},"deaths":{"new":null,"total":0},"tests":{"total":6237},"day":"2020-04-18","time":"2020-04-18T21:15:06+00:00"},{"country":"Montenegro","cases":{"new":"+4","active":247,"critical":7,"recovered":55,"total":307},"deaths":{"new":null,"total":5},"tests":{"total":3874},"day":"2020-04-18","time":"2020-04-18T21:15:06+00:00"},{"country":"Togo","cases":{"new":"+1","active":30,"critical":0,"recovered":49,"total":84},"deaths":{"new":null,"total":5},"tests":{"total":4191},"day":"2020-04-18","time":"2020-04-18T21:15:06+00:00"},{"country":"French-Polynesia","cases":{"new":null,"active":53,"critical":1,"recovered":2,"total":55},"deaths":{"new":null,"total":0},"tests":{"total":1302},"day":"2020-04-18","time":"2020-04-18T21:15:06+00:00"},{"country":"Guam","cases":{"new":"+3","active":31,"critical":0,"recovered":0,"total":32},"deaths":{"new":null,"total":1},"tests":{"total":null},"day":"2020-03-25","time":"2020-03-25T06:00:07+00:00"},{"country":"Mauritius","cases":{"new":"+1","active":136,"critical":3,"recovered":180,"total":325},"deaths":{"new":null,"total":9},"tests":{"total":9755},"day":"2020-04-18","time":"2020-04-18T21:15:06+00:00"},{"country":"Barbados","cases":{"new":null,"active":53,"critical":4,"recovered":17,"total":75},"deaths":{"new":null,"total":5},"tests":{"total":1000},"day":"2020-04-18","time":"2020-04-18T21:15:06+00:00"},{"country":"Ivory-Coast","cases":{"new":"+113","active":554,"critical":0,"recovered":239,"total":801},"deaths":{"new":"+2","total":8},"tests":{"total":null},"day":"2020-04-18","time":"2020-04-18T21:15:06+00:00"},{"country":"Kyrgyzstan","cases":{"new":"+17","active":371,"critical":5,"recovered":130,"total":506},"deaths":{"new":null,"total":5},"tests":{"total":26147},"day":"2020-04-18","time":"2020-04-18T21:15:06+00:00"},{"country":"Maldives","cases":{"new":"+6","active":19,"critical":0,"recovered":16,"total":35},"deaths":{"new":null,"total":0},"tests":{"total":3714},"day":"2020-04-18","time":"2020-04-18T21:15:06+00:00"},{"country":"Mayotte","cases":{"new":"+9","active":133,"critical":6,"recovered":117,"total":254},"deaths":{"new":null,"total":4},"tests":{"total":1800},"day":"2020-04-18","time":"2020-04-18T21:15:06+00:00"},{"country":"Gibraltar","cases":{"new":null,"active":21,"critical":1,"recovered":111,"total":132},"deaths":{"new":null,"total":0},"tests":{"total":1859},"day":"2020-04-18","time":"2020-04-18T21:15:06+00:00"},{"country":"Mongolia","cases":{"new":null,"active":26,"critical":0,"recovered":5,"total":31},"deaths":{"new":null,"total":0},"tests":{"total":1450},"day":"2020-04-18","time":"2020-04-18T21:15:06+00:00"},{"country":"Ethiopia","cases":{"new":"+9","active":86,"critical":1,"recovered":16,"total":105},"deaths":{"new":null,"total":3},"tests":{"total":6890},"day":"2020-04-18","time":"2020-04-18T21:15:06+00:00"},{"country":"Kenya","cases":{"new":"+16","active":190,"critical":2,"recovered":60,"total":262},"deaths":{"new":"+1","total":12},"tests":{"total":10784},"day":"2020-04-18","time":"2020-04-18T21:15:06+00:00"},{"country":"Seychelles","cases":{"new":null,"active":6,"critical":0,"recovered":5,"total":11},"deaths":{"new":null,"total":0},"tests":{"total":null},"day":"2020-04-18","time":"2020-04-18T21:15:06+00:00"},{"country":"Equatorial-Guinea","cases":{"new":"+28","active":75,"critical":0,"recovered":4,"total":79},"deaths":{"new":null,"total":0},"tests":{"total":854},"day":"2020-04-18","time":"2020-04-18T21:15:06+00:00"},{"country":"Tanzania","cases":{"new":"+53","active":131,"critical":4,"recovered":11,"total":147},"deaths":{"new":"+1","total":5},"tests":{"total":null},"day":"2020-04-18","time":"2020-04-18T21:15:06+00:00"},{"country":"US-Virgin-Islands","cases":{"new":"+11","active":17,"critical":0,"recovered":0,"total":17},"deaths":{"new":null,"total":0},"tests":{"total":null},"day":"2020-03-25","time":"2020-03-25T06:00:07+00:00"},{"country":"Gabon","cases":{"new":"+28","active":100,"critical":0,"recovered":7,"total":108},"deaths":{"new":null,"total":1},"tests":{"total":572},"day":"2020-04-18","time":"2020-04-18T21:15:06+00:00"},{"country":"Aruba","cases":{"new":null,"active":50,"critical":1,"recovered":44,"total":96},"deaths":{"new":null,"total":2},"tests":{"total":1358},"day":"2020-04-18","time":"2020-04-18T21:15:06+00:00"},{"country":"Saint-Martin","cases":{"new":"+2","active":16,"critical":5,"recovered":19,"total":37},"deaths":{"new":null,"total":2},"tests":{"total":null},"day":"2020-04-18","time":"2020-04-18T21:15:06+00:00"},{"country":"Suriname","cases":{"new":null,"active":3,"critical":0,"recovered":6,"total":10},"deaths":{"new":null,"total":1},"tests":{"total":null},"day":"2020-04-18","time":"2020-04-18T21:15:06+00:00"},{"country":"Bahamas","cases":{"new":"+1","active":36,"critical":1,"recovered":9,"total":54},"deaths":{"new":"+1","total":9},"tests":{"total":null},"day":"2020-04-18","time":"2020-04-18T21:15:06+00:00"},{"country":"New-Caledonia","cases":{"new":null,"active":4,"critical":1,"recovered":14,"total":18},"deaths":{"new":null,"total":0},"tests":{"total":3316},"day":"2020-04-18","time":"2020-04-18T21:15:06+00:00"},{"country":"Cayman-Islands","cases":{"new":"+1","active":53,"critical":3,"recovered":7,"total":61},"deaths":{"new":null,"total":1},"tests":{"total":702},"day":"2020-04-18","time":"2020-04-18T21:15:06+00:00"},{"country":"Cura&ccedil;ao","cases":{"new":null,"active":2,"critical":0,"recovered":11,"total":14},"deaths":{"new":null,"total":1},"tests":{"total":286},"day":"2020-04-18","time":"2020-04-18T21:15:06+00:00"},{"country":"Cabo-Verde","cases":{"new":"+2","active":56,"critical":0,"recovered":1,"total":58},"deaths":{"new":null,"total":1},"tests":{"total":null},"day":"2020-04-18","time":"2020-04-18T21:15:06+00:00"},{"country":"CAR","cases":{"new":"+1","active":8,"critical":0,"recovered":4,"total":12},"deaths":{"new":null,"total":0},"tests":{"total":null},"day":"2020-04-18","time":"2020-04-18T21:15:06+00:00"},{"country":"Congo","cases":{"new":"+26","active":126,"critical":0,"recovered":11,"total":143},"deaths":{"new":"+1","total":6},"tests":{"total":null},"day":"2020-04-18","time":"2020-04-18T21:15:06+00:00"},{"country":"El-Salvador","cases":{"new":"+13","active":140,"critical":1,"recovered":43,"total":190},"deaths":{"new":null,"total":7},"tests":{"total":10191},"day":"2020-04-18","time":"2020-04-18T21:15:06+00:00"},{"country":"Liberia","cases":{"new":"+17","active":62,"critical":0,"recovered":7,"total":76},"deaths":{"new":"+1","total":7},"tests":{"total":null},"day":"2020-04-18","time":"2020-04-18T21:15:06+00:00"},{"country":"Madagascar","cases":{"new":"+3","active":85,"critical":1,"recovered":35,"total":120},"deaths":{"new":null,"total":0},"tests":{"total":2357},"day":"2020-04-18","time":"2020-04-18T21:15:06+00:00"},{"country":"Namibia","cases":{"new":null,"active":10,"critical":0,"recovered":6,"total":16},"deaths":{"new":null,"total":0},"tests":{"total":499},"day":"2020-04-18","time":"2020-04-18T21:15:06+00:00"},{"country":"St-Barth","cases":{"new":null,"active":1,"critical":0,"recovered":5,"total":6},"deaths":{"new":null,"total":0},"tests":{"total":null},"day":"2020-04-18","time":"2020-04-18T21:15:06+00:00"},{"country":"Zimbabwe","cases":{"new":"+1","active":19,"critical":0,"recovered":2,"total":24},"deaths":{"new":null,"total":3},"tests":{"total":2493},"day":"2020-04-18","time":"2020-04-18T21:15:06+00:00"},{"country":"Sudan","cases":{"new":"+33","active":50,"critical":0,"recovered":6,"total":66},"deaths":{"new":"+4","total":10},"tests":{"total":null},"day":"2020-04-18","time":"2020-04-18T21:15:06+00:00"},{"country":"Angola","cases":{"new":"+5","active":16,"critical":0,"recovered":6,"total":24},"deaths":{"new":null,"total":2},"tests":{"total":null},"day":"2020-04-18","time":"2020-04-18T21:15:06+00:00"},{"country":"Benin","cases":{"new":null,"active":16,"critical":0,"recovered":18,"total":35},"deaths":{"new":null,"total":1},"tests":{"total":null},"day":"2020-04-18","time":"2020-04-18T21:15:06+00:00"},{"country":"Bermuda","cases":{"new":"+2","active":43,"critical":9,"recovered":35,"total":83},"deaths":{"new":null,"total":5},"tests":{"total":552},"day":"2020-04-18","time":"2020-04-18T21:15:06+00:00"},{"country":"Bhutan","cases":{"new":null,"active":3,"critical":0,"recovered":2,"total":5},"deaths":{"new":null,"total":0},"tests":{"total":8107},"day":"2020-04-18","time":"2020-04-18T21:15:06+00:00"},{"country":"Fiji","cases":{"new":"+1","active":17,"critical":0,"recovered":0,"total":17},"deaths":{"new":null,"total":0},"tests":{"total":null},"day":"2020-04-18","time":"2020-04-18T21:15:06+00:00"},{"country":"Greenland","cases":{"new":null,"active":0,"critical":0,"recovered":11,"total":11},"deaths":{"new":null,"total":0},"tests":{"total":1043},"day":"2020-04-18","time":"2020-04-18T21:15:06+00:00"},{"country":"Guinea","cases":{"new":"+41","active":450,"critical":0,"recovered":65,"total":518},"deaths":{"new":null,"total":3},"tests":{"total":null},"day":"2020-04-18","time":"2020-04-18T21:15:06+00:00"},{"country":"Haiti","cases":{"new":"+1","active":41,"critical":0,"recovered":0,"total":44},"deaths":{"new":null,"total":3},"tests":{"total":498},"day":"2020-04-18","time":"2020-04-18T21:15:06+00:00"},{"country":"Isle-of-Man","cases":{"new":"+6","active":111,"critical":11,"recovered":180,"total":297},"deaths":{"new":"+2","total":6},"tests":{"total":2414},"day":"2020-04-18","time":"2020-04-18T21:15:06+00:00"},{"country":"Mauritania","cases":{"new":null,"active":4,"critical":0,"recovered":2,"total":7},"deaths":{"new":null,"total":1},"tests":{"total":857},"day":"2020-04-18","time":"2020-04-18T21:15:06+00:00"},{"country":"Nicaragua","cases":{"new":null,"active":1,"critical":0,"recovered":6,"total":9},"deaths":{"new":"+1","total":2},"tests":{"total":null},"day":"2020-04-18","time":"2020-04-18T21:15:06+00:00"},{"country":"Saint-Lucia","cases":{"new":null,"active":4,"critical":0,"recovered":11,"total":15},"deaths":{"new":null,"total":0},"tests":{"total":344},"day":"2020-04-18","time":"2020-04-18T21:15:06+00:00"},{"country":"Zambia","cases":{"new":"+5","active":22,"critical":1,"recovered":33,"total":57},"deaths":{"new":null,"total":2},"tests":{"total":2191},"day":"2020-04-18","time":"2020-04-18T21:15:06+00:00"},{"country":"Nepal","cases":{"new":"+1","active":29,"critical":0,"recovered":2,"total":31},"deaths":{"new":null,"total":0},"tests":{"total":15800},"day":"2020-04-18","time":"2020-04-18T21:15:06+00:00"},{"country":"Antigua-and-Barbuda","cases":{"new":null,"active":17,"critical":1,"recovered":3,"total":23},"deaths":{"new":"+1","total":3},"tests":{"total":73},"day":"2020-04-18","time":"2020-04-18T21:15:06+00:00"},{"country":"Chad","cases":{"new":"+6","active":25,"critical":0,"recovered":8,"total":33},"deaths":{"new":null,"total":0},"tests":{"total":null},"day":"2020-04-18","time":"2020-04-18T21:15:06+00:00"},{"country":"Djibouti","cases":{"new":"+141","active":654,"critical":0,"recovered":76,"total":732},"deaths":{"new":null,"total":2},"tests":{"total":7486},"day":"2020-04-18","time":"2020-04-18T21:15:06+00:00"},{"country":"Eritrea","cases":{"new":"+4","active":36,"critical":0,"recovered":3,"total":39},"deaths":{"new":null,"total":0},"tests":{"total":null},"day":"2020-04-18","time":"2020-04-18T21:15:06+00:00"},{"country":"Gambia","cases":{"new":null,"active":6,"critical":0,"recovered":2,"total":9},"deaths":{"new":null,"total":1},"tests":{"total":316},"day":"2020-04-18","time":"2020-04-18T21:15:06+00:00"},{"country":"Vatican-City","cases":{"new":"+1","active":6,"critical":0,"recovered":2,"total":8},"deaths":{"new":null,"total":0},"tests":{"total":null},"day":"2020-04-18","time":"2020-04-18T21:15:06+00:00"},{"country":"Montserrat","cases":{"new":null,"active":9,"critical":1,"recovered":2,"total":11},"deaths":{"new":null,"total":0},"tests":{"total":36},"day":"2020-04-18","time":"2020-04-18T21:15:06+00:00"},{"country":"Niger","cases":{"new":"+43","active":499,"critical":0,"recovered":110,"total":627},"deaths":{"new":"+4","total":18},"tests":{"total":4688},"day":"2020-04-18","time":"2020-04-18T21:15:06+00:00"},{"country":"Papua-New-Guinea","cases":{"new":"+5","active":7,"critical":0,"recovered":0,"total":7},"deaths":{"new":null,"total":0},"tests":{"total":167},"day":"2020-04-18","time":"2020-04-18T21:15:06+00:00"},{"country":"St-Vincent-Grenadines","cases":{"new":null,"active":11,"critical":0,"recovered":1,"total":12},"deaths":{"new":null,"total":0},"tests":{"total":87},"day":"2020-04-18","time":"2020-04-18T21:15:06+00:00"},{"country":"Sint-Maarten","cases":{"new":"+7","active":43,"critical":6,"recovered":12,"total":64},"deaths":{"new":null,"total":9},"tests":{"total":163},"day":"2020-04-18","time":"2020-04-18T21:15:06+00:00"},{"country":"Somalia","cases":{"new":"+19","active":126,"critical":2,"recovered":2,"total":135},"deaths":{"new":"+1","total":7},"tests":{"total":null},"day":"2020-04-18","time":"2020-04-18T21:15:06+00:00"},{"country":"Eswatini","cases":{"new":"+6","active":13,"critical":0,"recovered":8,"total":22},"deaths":{"new":null,"total":1},"tests":{"total":714},"day":"2020-04-18","time":"2020-04-18T21:15:06+00:00"},{"country":"Timor-Leste","cases":{"new":"+10","active":17,"critical":0,"recovered":1,"total":18},"deaths":{"new":null,"total":0},"tests":{"total":null},"day":"2020-04-18","time":"2020-04-18T21:15:06+00:00"},{"country":"Uganda","cases":{"new":null,"active":33,"critical":0,"recovered":22,"total":55},"deaths":{"new":null,"total":0},"tests":{"total":11101},"day":"2020-04-18","time":"2020-04-18T21:15:06+00:00"},{"country":"All","cases":{"new":"+73444","active":1567269,"critical":55218,"recovered":595371,"total":2322307},"deaths":{"new":"+5522","total":159667},"tests":{"total":null},"day":"2020-04-18","time":"2020-04-18T21:15:06+00:00"},{"country":"Mozambique","cases":{"new":"+3","active":32,"critical":0,"recovered":2,"total":34},"deaths":{"new":null,"total":0},"tests":{"total":898},"day":"2020-04-18","time":"2020-04-18T21:15:06+00:00"},{"country":"Syria","cases":{"new":"+5","active":31,"critical":0,"recovered":5,"total":38},"deaths":{"new":null,"total":2},"tests":{"total":null},"day":"2020-04-18","time":"2020-04-18T21:15:06+00:00"},{"country":"Grenada","cases":{"new":null,"active":8,"critical":4,"recovered":6,"total":14},"deaths":{"new":null,"total":0},"tests":{"total":92},"day":"2020-04-18","time":"2020-04-18T21:15:06+00:00"},{"country":"Dominica","cases":{"new":null,"active":8,"critical":0,"recovered":8,"total":16},"deaths":{"new":null,"total":0},"tests":{"total":345},"day":"2020-04-18","time":"2020-04-18T21:15:06+00:00"},{"country":"Turks-and-Caicos","cases":{"new":null,"active":10,"critical":0,"recovered":0,"total":11},"deaths":{"new":null,"total":1},"tests":{"total":83},"day":"2020-04-18","time":"2020-04-18T21:15:06+00:00"},{"country":"Belize","cases":{"new":null,"active":16,"critical":1,"recovered":0,"total":18},"deaths":{"new":null,"total":2},"tests":{"total":651},"day":"2020-04-18","time":"2020-04-18T21:15:06+00:00"},{"country":"Myanmar","cases":{"new":"+10","active":88,"critical":0,"recovered":5,"total":98},"deaths":{"new":"+1","total":5},"tests":{"total":4065},"day":"2020-04-18","time":"2020-04-18T21:15:06+00:00"},{"country":"Laos","cases":{"new":null,"active":17,"critical":0,"recovered":2,"total":19},"deaths":{"new":null,"total":0},"tests":{"total":1318},"day":"2020-04-18","time":"2020-04-18T21:15:06+00:00"},{"country":"Libya","cases":{"new":null,"active":37,"critical":0,"recovered":11,"total":49},"deaths":{"new":null,"total":1},"tests":{"total":707},"day":"2020-04-18","time":"2020-04-18T21:15:06+00:00"},{"country":"Mali","cases":{"new":"+45","active":162,"critical":0,"recovered":41,"total":216},"deaths":{"new":null,"total":13},"tests":{"total":null},"day":"2020-04-18","time":"2020-04-18T21:15:06+00:00"},{"country":"Guinea-Bissau","cases":{"new":"+3","active":46,"critical":0,"recovered":0,"total":46},"deaths":{"new":null,"total":0},"tests":{"total":1500},"day":"2020-04-18","time":"2020-04-18T21:15:06+00:00"},{"country":"British-Virgin-Islands","cases":{"new":"+1","active":2,"critical":0,"recovered":2,"total":4},"deaths":{"new":null,"total":0},"tests":{"total":null},"day":"2020-04-18","time":"2020-04-18T21:15:06+00:00"},{"country":"Saint-Kitts-and-Nevis","cases":{"new":"+2","active":14,"critical":0,"recovered":0,"total":14},"deaths":{"new":null,"total":0},"tests":{"total":234},"day":"2020-04-18","time":"2020-04-18T21:15:06+00:00"},{"country":"Anguilla","cases":{"new":null,"active":2,"critical":0,"recovered":1,"total":3},"deaths":{"new":null,"total":0},"tests":{"total":null},"day":"2020-04-18","time":"2020-04-18T21:15:06+00:00"},{"country":"MS-Zaandam-","cases":{"new":"+7","active":7,"critical":0,"recovered":0,"total":9},"deaths":{"new":"+2","total":2},"tests":{"total":null},"day":"2020-04-09","time":"2020-04-09T15:45:06+00:00"},{"country":"MS-Zaandam","cases":{"new":null,"active":7,"critical":0,"recovered":0,"total":9},"deaths":{"new":null,"total":2},"tests":{"total":null},"day":"2020-04-18","time":"2020-04-18T21:15:06+00:00"},{"country":"Botswana","cases":{"new":null,"active":14,"critical":0,"recovered":0,"total":15},"deaths":{"new":null,"total":1},"tests":{"total":3602},"day":"2020-04-18","time":"2020-04-18T21:15:06+00:00"},{"country":"Sierra-Leone","cases":{"new":"+4","active":30,"critical":0,"recovered":0,"total":30},"deaths":{"new":null,"total":0},"tests":{"total":null},"day":"2020-04-18","time":"2020-04-18T21:15:06+00:00"},{"country":"Burundi","cases":{"new":null,"active":4,"critical":0,"recovered":0,"total":5},"deaths":{"new":null,"total":1},"tests":{"total":80},"day":"2020-04-18","time":"2020-04-18T21:15:06+00:00"},{"country":"Caribbean-Netherlands","cases":{"new":"+1","active":3,"critical":0,"recovered":0,"total":3},"deaths":{"new":null,"total":0},"tests":{"total":10},"day":"2020-04-18","time":"2020-04-18T21:15:06+00:00"},{"country":"Malawi","cases":{"new":"+1","active":12,"critical":1,"recovered":3,"total":17},"deaths":{"new":null,"total":2},"tests":{"total":417},"day":"2020-04-18","time":"2020-04-18T21:15:06+00:00"},{"country":"Falkland-Islands","cases":{"new":null,"active":8,"critical":0,"recovered":3,"total":11},"deaths":{"new":null,"total":0},"tests":{"total":319},"day":"2020-04-18","time":"2020-04-18T21:15:06+00:00"},{"country":"Western-Sahara","cases":{"new":"+2","active":6,"critical":0,"recovered":0,"total":6},"deaths":{"new":null,"total":0},"tests":{"total":null},"day":"2020-04-18","time":"2020-04-18T21:15:06+00:00"},{"country":"South-Sudan","cases":{"new":"+1","active":4,"critical":0,"recovered":0,"total":4},"deaths":{"new":null,"total":0},"tests":{"total":null},"day":"2020-04-18","time":"2020-04-18T21:15:06+00:00"},{"country":"Saint-Pierre-Miquelon","cases":{"new":"+1","active":1,"critical":0,"recovered":0,"total":1},"deaths":{"new":null,"total":0},"tests":{"total":null},"day":"2020-04-18","time":"2020-04-18T21:15:06+00:00"},{"country":"Sao-Tome-and-Principe","cases":{"new":"+4","active":4,"critical":0,"recovered":0,"total":4},"deaths":{"new":null,"total":0},"tests":{"total":19},"day":"2020-04-18","time":"2020-04-18T21:15:06+00:00"},{"country":"North-America","cases":{"new":"+27531","active":664050,"critical":14647,"recovered":81939,"total":787286},"deaths":{"new":"+1875","total":41297},"tests":{"total":null},"day":"2020-04-18","time":"2020-04-18T21:15:06+00:00"},{"country":"Europe","cases":{"new":"+27607","active":658930,"critical":26386,"recovered":298699,"total":1056821},"deaths":{"new":"+2964","total":99192},"tests":{"total":null},"day":"2020-04-18","time":"2020-04-18T21:15:06+00:00"},{"country":"Asia","cases":{"new":"+11957","active":179650,"critical":6426,"recovered":176090,"total":370141},"deaths":{"new":"+335","total":14401},"tests":{"total":null},"day":"2020-04-18","time":"2020-04-18T21:15:06+00:00"},{"country":"South-America","cases":{"new":"+5047","active":46328,"critical":7530,"recovered":27627,"total":77578},"deaths":{"new":"+305","total":3623},"tests":{"total":null},"day":"2020-04-18","time":"2020-04-18T21:15:06+00:00"},{"country":"Oceania","cases":{"new":"+45","active":2958,"critical":60,"recovered":5046,"total":8084},"deaths":{"new":"+4","total":80},"tests":{"total":null},"day":"2020-04-18","time":"2020-04-18T21:15:06+00:00"},{"country":"Africa","cases":{"new":"+1257","active":15291,"critical":162,"recovered":5326,"total":21676},"deaths":{"new":"+39","total":1059},"tests":{"total":null},"day":"2020-04-18","time":"2020-04-18T21:15:06+00:00"},{"country":"Diamond-Princess","cases":{"new":null,"active":55,"critical":7,"recovered":644,"total":712},"deaths":{"new":null,"total":13},"tests":{"total":null},"day":"2020-04-18","time":"2020-04-18T21:15:06+00:00"},{"country":"Yemen","cases":{"new":"+1","active":1,"critical":0,"recovered":0,"total":1},"deaths":{"new":null,"total":0},"tests":{"total":null},"day":"2020-04-18","time":"2020-04-18T21:15:06+00:00"}]}